{
    "name": "root",
    "gauges": {
        "BigMapAgent.Policy.Entropy.mean": {
            "value": 0.31333091855049133,
            "min": 0.29738935828208923,
            "max": 4.381025791168213,
            "count": 20
        },
        "BigMapAgent.Policy.Entropy.sum": {
            "value": 78777.65625,
            "min": 73803.1171875,
            "max": 1101762.25,
            "count": 20
        },
        "BigMapAgent.Step.mean": {
            "value": 4999983.0,
            "min": 249949.0,
            "max": 4999983.0,
            "count": 20
        },
        "BigMapAgent.Step.sum": {
            "value": 4999983.0,
            "min": 249949.0,
            "max": 4999983.0,
            "count": 20
        },
        "BigMapAgent.Policy.ExtrinsicValueEstimate.mean": {
            "value": 0.18395781517028809,
            "min": 0.17777377367019653,
            "max": 0.3227565884590149,
            "count": 20
        },
        "BigMapAgent.Policy.ExtrinsicValueEstimate.sum": {
            "value": 737.3029174804688,
            "min": 712.5172729492188,
            "max": 1293.6083984375,
            "count": 20
        },
        "BigMapAgent.Losses.PolicyLoss.mean": {
            "value": 0.023111533716248356,
            "min": 0.022606788579778526,
            "max": 0.025345566351648023,
            "count": 20
        },
        "BigMapAgent.Losses.PolicyLoss.sum": {
            "value": 0.4622306743249671,
            "min": 0.4521357715955705,
            "max": 0.5069113270329605,
            "count": 20
        },
        "BigMapAgent.Losses.ValueLoss.mean": {
            "value": 0.012959535375576262,
            "min": 0.011891775410327278,
            "max": 0.021205053066150243,
            "count": 20
        },
        "BigMapAgent.Losses.ValueLoss.sum": {
            "value": 0.25919070751152523,
            "min": 0.23153543040642297,
            "max": 0.42410106132300485,
            "count": 20
        },
        "BigMapAgent.Policy.LearningRate.mean": {
            "value": 7.220857593079997e-06,
            "min": 7.220857593079997e-06,
            "max": 0.000292469513036479,
            "count": 20
        },
        "BigMapAgent.Policy.LearningRate.sum": {
            "value": 0.00014441715186159994,
            "min": 0.00014441715186159994,
            "max": 0.0055569207476931,
            "count": 20
        },
        "BigMapAgent.Policy.Epsilon.mean": {
            "value": 0.10240692,
            "min": 0.10240692,
            "max": 0.19748983684210528,
            "count": 20
        },
        "BigMapAgent.Policy.Epsilon.sum": {
            "value": 2.0481384,
            "min": 2.0481384,
            "max": 3.8515816000000007,
            "count": 20
        },
        "BigMapAgent.Policy.Beta.mean": {
            "value": 2.1793907999999997e-05,
            "min": 2.1793907999999997e-05,
            "max": 0.00048770020052631575,
            "count": 20
        },
        "BigMapAgent.Policy.Beta.sum": {
            "value": 0.0004358781599999999,
            "min": 0.0004358781599999999,
            "max": 0.009272749839999999,
            "count": 20
        },
        "BigMapAgent.Environment.EpisodeLength.mean": {
            "value": 1549.0,
            "min": 1549.0,
            "max": 1549.5,
            "count": 20
        },
        "BigMapAgent.Environment.EpisodeLength.sum": {
            "value": 201370.0,
            "min": 201370.0,
            "max": 302055.0,
            "count": 20
        },
        "BigMapAgent.Environment.CumulativeReward.mean": {
            "value": 4.076923076923077,
            "min": 4.0,
            "max": 6.184615384615385,
            "count": 20
        },
        "BigMapAgent.Environment.CumulativeReward.sum": {
            "value": 530.0,
            "min": 523.0,
            "max": 1199.0,
            "count": 20
        },
        "BigMapAgent.Policy.ExtrinsicReward.mean": {
            "value": 4.076923076923077,
            "min": 4.0,
            "max": 6.184615384615385,
            "count": 20
        },
        "BigMapAgent.Policy.ExtrinsicReward.sum": {
            "value": 530.0,
            "min": 523.0,
            "max": 1199.0,
            "count": 20
        },
        "BigMapAgent.IsTraining.mean": {
            "value": 1.0,
            "min": 1.0,
            "max": 1.0,
            "count": 20
        },
        "BigMapAgent.IsTraining.sum": {
            "value": 1.0,
            "min": 1.0,
            "max": 1.0,
            "count": 20
        }
    },
    "metadata": {
        "timer_format_version": "0.1.0",
        "start_time_seconds": "1712257721",
        "python_version": "3.10.13 | packaged by Anaconda, Inc. | (main, Sep 11 2023, 13:24:38) [MSC v.1916 64 bit (AMD64)]",
        "command_line_arguments": "C:\\Users\\Taluk\\anaconda3\\envs\\mlagents2\\Scripts\\mlagents-learn Assets/config/BigMapConfig.yaml --run-id Bigmap2",
        "mlagents_version": "1.0.0",
        "mlagents_envs_version": "1.0.0",
        "communication_protocol_version": "1.5.0",
        "pytorch_version": "1.13.1+cu117",
        "numpy_version": "1.23.3",
        "end_time_seconds": "1712260716"
    },
    "total": 2995.1827588999877,
    "count": 1,
    "self": 0.016332599916495383,
    "children": {
        "run_training.setup": {
            "total": 0.11485340003855526,
            "count": 1,
            "self": 0.11485340003855526
        },
        "TrainerController.start_learning": {
            "total": 2995.0515729000326,
            "count": 1,
            "self": 1.91517280053813,
            "children": {
                "TrainerController._reset_env": {
                    "total": 16.21674709999934,
                    "count": 1,
                    "self": 16.21674709999934
                },
                "TrainerController.advance": {
                    "total": 2976.859548599692,
                    "count": 76975,
                    "self": 1.9224193079862744,
                    "children": {
                        "env_step": {
                            "total": 1285.579031709116,
                            "count": 76975,
                            "self": 1128.7724462178303,
                            "children": {
                                "SubprocessEnvManager._take_step": {
                                    "total": 155.51140429836232,
                                    "count": 76975,
                                    "self": 9.38956758310087,
                                    "children": {
                                        "TorchPolicy.evaluate": {
                                            "total": 146.12183671526145,
                                            "count": 76975,
                                            "self": 146.12183671526145
                                        }
                                    }
                                },
                                "workers": {
                                    "total": 1.2951811929233372,
                                    "count": 76975,
                                    "self": 0.0,
                                    "children": {
                                        "worker_root": {
                                            "total": 2976.19577750389,
                                            "count": 76975,
                                            "is_parallel": true,
                                            "self": 2168.8816183895105,
                                            "children": {
                                                "steps_from_proto": {
                                                    "total": 0.001662899972870946,
                                                    "count": 1,
                                                    "is_parallel": true,
                                                    "self": 0.0003936999710276723,